x,y,h
0,5.0,-1.1213174617227728
1,3.2508964896802777,-1.7641944031016754
2,2.4937618251847953,-0.918517904514572
3,2.389514073251172,-1.035776510779327
4,2.3218966401862158,-0.10889897034910268
5,1.4861364501528707,0.27968211843600965
6,3.080021321122967,-1.3425632248371948
7,2.8624051609793386,-0.9472877091648555
8,1.2823798829015844,1.2953290621506544
9,3.365444473177255,2.2366750627233896
10,-15.874588123239066,1.38315690088363
11,-0.3803254333243421,0.7371053619567804
12,1.2175058784064219,-0.1285165854671947
13,3.6910140264970384,0.3494660065055135
14,2.374837540773072,1.8689970790549146
15,1.1971620356922625,1.855765688948118
16,0.6833149162168803,2.1448441694008666
17,-0.13212400789507184,3.0042868875270767
18,1.406965663271675,2.3944793689544968
19,2.199909484610602,1.2642626903493093
20,1.9869185049326312,1.4051523724513797
21,3.9070356628331013,1.1618255233346266
22,3.484281925326606,0.31640282477957704
23,5.23712160245705,-0.24244224855803653
24,2.9994370282195253,0.40222489832214775
25,2.6260514798472316,-0.8692116938223623
26,4.084390718133624,0.36145401995873305
27,2.10428436039276,0.7892404064435488
28,0.9602458041909476,1.210431814957071
29,-1.1842520562283667,0.25174500770499975
30,3.3514029248929167,-0.11281372979402127
31,1.900231773399648,-2.380399029931419
32,3.2998248898725255,-0.7635617752162891
33,4.480476543730596,-0.011159672316269797
34,4.076210937179621,-2.199003186531417
35,2.9968881028933487,-1.31263244031547
36,2.785255182053934,-1.0755067627730137
37,1.8292759509813046,-1.3324619685382464
38,2.8991442880429226,-0.49867242602606865
39,4.529789667174567,0.30422596383241035
40,1.603321493954874,0.10323258634987198
41,2.518959627960821,-0.0795207546150053
42,1.930595107613636,0.5768465554279181
43,1.8430800131796374,0.29622533322767985
44,2.345749149754851,0.2540310497737183
45,4.51487491870978,1.7876661022169982
46,-2.8588257031333595,2.0614250130794938
47,-0.6155249663695646,0.3558967911441815
48,4.574624990241306,-1.2076047116580306
49,4.513023693092764,0.681320234076312
50,4.402482317358732,2.7253673162904875
51,0.18070893764649165,2.6834430469822417
52,1.9449493539221605,3.5662405952806426
53,8.870509358276863,1.5563327466619397
54,3.7678981108077214,0.6869643708949205
55,2.376441498777932,1.4401827091987898
56,1.7405085629984063,1.7340247814057843
57,3.7418158066318363,1.1162831243982927
58,2.5526224090637744,0.6384663397837005
59,5.094587625383097,1.2328751634479214
60,3.85858082845912,1.4408217680787607
61,2.9353476873667232,0.5707020896085926
62,-3.0524959687098825,0.49455196979443694
63,0.7406545911805662,0.015254851285139426
64,2.1373817264075257,0.4954721002195105
65,2.005016003771793,1.975232540202132
66,-0.7198982114357468,2.980520424359712
67,-7.19944106600593,1.8548727321015126
68,2.6064493813683565,2.0694716685056016
69,2.537270012654073,0.5824516384680614
70,3.2915068114402883,1.00865824125687
71,3.327979197604823,0.4695090170062154
72,3.261497724090698,-0.3511332104827791
73,2.7482160167560576,0.06905794923407275
74,2.236219801682044,-0.3216023986243624
75,1.7296758815437394,-0.6218324120114056
76,3.042652567788865,0.8283817283798979
77,5.953262094594056,0.958888715141177
78,0.6796781010971329,-1.4174305462187227
79,2.9485073972885747,-0.7104430510163903
80,2.4687361137779495,0.27927854884932934
81,2.2046331266207684,-1.2557202866507187
82,2.357668260935751,-0.6829358582887706
83,2.8913196839441233,1.159720802466478
84,4.621362197473192,0.8671044690997223
85,7.014747373084159,0.7548287171218833
86,5.907228544816604,0.3158295748517271
87,3.765916254090638,2.3942055809631
88,-2.3274438362509766,2.9441671006708012
89,0.8264286475137677,0.5639338233917119
90,-0.8129962391120555,0.2555286720377354
91,1.7518159843059218,0.2043731703260812
92,2.8086050042310644,-0.006391146066208053
93,1.458957822821395,2.5991748860039503
94,6.055423514502165,0.14789091720382497
95,2.7995112001180704,-0.7810560437389916
96,0.13600777470657865,-0.9955522945791667
97,2.156014973776806,-0.1276088985997228
98,2.3844810871693665,-0.012773886834380854
99,2.5643236541522505,0.19471946659784073
100,1.5890483045807353,-0.3832507715516531
101,2.0638053269860084,1.7712921482905415
102,0.7988097930867142,1.6888218860683348
103,-5.1599311262861995,-0.5963920444308841
104,-2.9929626784643864,1.4446118311681317
105,5.5252341273114585,2.4207248424185197
106,6.849100283274529,0.7293474155350299
107,3.362205825281271,2.3920242376856606
108,3.2590095732032998,1.5735355450850181
109,2.6726770213257534,0.15106125434476336
110,2.18237349167682,0.021470939274033263
111,2.2748140168063133,0.7157924174963675
112,0.9963427404945544,1.3588772368511708
113,4.500378523877144,4.141477881574977
114,-11.988559031820447,2.815875617316296
115,-0.7385898646977295,2.8317750502360015
116,18.131022946359543,1.289527441914511
117,4.8784018099926145,1.0339920134103957
118,3.367812241626618,1.6714645310283702
119,6.8939382057661245,1.694604275735
120,7.574475988644085,1.7611155086060855
121,2.1998932003335874,1.3853999247693327
122,2.783662566316094,1.5223174244917248
123,6.993330557587276,0.013123985289518636
124,3.0044742800896556,0.41878245808404035
125,3.5967359881913774,0.34567929836112016
126,3.173224924456407,0.09120508630092367
127,3.067789018296138,-0.1528643375235046
128,2.4574079822215276,2.89691768188365
129,-1.1543312770213086,3.449829994922916
130,1.7059862784829067,2.258303427635881
131,-3.204878167402922,0.10464217248078067
132,0.932724273302749,-0.7888661426948385
133,1.2633917125226546,0.34168728668128256
134,0.3657361015173535,0.6202635350529945
135,5.0869670217131056,2.0593555436884863
136,1.6086085330903501,1.0731632481684183
137,-3.897660837468739,0.3485225248373639
138,2.7821871325140624,-1.0479138463209334
139,2.108438816584398,-0.5989811558612991
140,0.8022966091232344,0.002340711461131656
141,2.6902096831274296,-0.8338959191246598
142,2.018265485638192,-0.6109852477101236
143,2.525273833483299,0.4254008235280955
144,2.2322652935592617,-0.01444593794263982
145,2.164408606441308,-0.03731296778990492
146,-0.09784360985441243,-0.6189235686665814
147,2.0883963195303035,-0.2002230475843252
148,2.9221331785126017,0.30495640320769635
149,1.3400382461986324,0.3353090640194566
150,3.517466748006659,0.5970165017045377
151,2.826950897143068,0.4226039363936327
152,2.122128276485802,0.013203782591287405
153,3.381396644143353,2.116098535975152
154,2.1458053042762604,1.8790944024604952
155,0.31713858572494935,2.3730967268872165
156,2.321409687814793,0.9660471268605784
157,2.3116436476778097,0.5855480723909483
158,5.55992954343661,-0.2917722926756112
159,0.9724412470173016,-0.044466509242213306
160,1.6240661414071846,-0.25560082490288555
161,2.446568860845857,-0.855209166176744
162,1.6161938559765594,-0.36622554569568133
163,2.361834805703175,0.5861275884519225
164,3.5513470614690226,0.4077124869643489
165,0.8171008357635017,1.7362249872685374
166,6.381077060914778,1.1357531046212817
167,2.419357746515096,1.5174954347715808
168,2.263304915016784,1.9107936741384495
169,1.9828624195022533,3.4341643216075357
170,4.495324341015863,1.9417376325990472
171,2.896367958205972,0.9507342261004208
172,0.3386448560467521,3.3464909252536383
173,3.4039353329616917,1.65147429651747
174,4.501151847596701,1.3427224807746418
175,2.234741029145807,1.950816202862495
176,8.502516876676157,1.191135114208085
177,2.361761810482978,1.109590322147409
178,4.186815997975253,3.2574532874103106
179,1.8715093649283814,2.2118730662337436
180,4.83267016318521,2.0641913515797228
181,4.091787697161359,2.332220682911628
182,2.9104501854598173,2.4453844799027076
183,-3.0340210751550254,2.0838324045312544
184,1.547689937905315,0.7693013898236136
185,2.4903631982644336,0.08485584674606439
186,3.0434118190195667,-0.11596456717116355
187,2.335215017284402,-0.7521354111930039
188,3.1609908658886328,0.2880606885900796
189,3.1680715274874416,0.2853268885101404
190,2.9998015173482226,2.005272818762661
191,5.199975837294607,2.7763157279319843
192,-0.5178935461855816,2.0845368907144164
193,-0.4216790991763908,0.5634565474253393
194,1.401202523802953,0.32609195150797615
195,1.6923839442160062,0.09619995056529163
196,5.201225762253464,-0.22371193908150439
197,1.281777939550188,0.14180983688403576
198,2.7185226413359795,0.29042516659738
199,2.1596210345795503,1.9481477420206132
200,12.183224110285538,2.9932331302568604
201,-4.3616750432716405,3.178145606918692
202,0.8706912942732818,1.5488860203009303
203,2.100159403064934,1.5414907726968994
204,2.4480260580508766,1.4976927368137125
205,-0.6674323049726452,1.9617587063936686
206,0.5531220951426621,2.475497570667711
207,-2.464339880034457,2.426592269436726
208,-1.0810606516809695,1.7166534125148332
209,2.593877394587853,1.9738772463838519
210,5.715099897261609,1.2598597152918654
211,6.565537113570361,1.470263894880525
212,16.989576653259014,2.274697340028444
213,8.36314175909727,0.24590870529451836
214,4.230528926176951,-0.21824348825851192
215,6.207662108368858,-0.3201484313001413
216,2.5354312386986995,1.2019978577929824
217,0.6281621215938589,2.088952598872343
218,3.592600768404239,0.12424230700322658
219,2.493343073154119,-1.2658544961768134
220,1.781179301562295,-1.569023623125688
221,1.7768770063428572,1.4994176040736982
222,1.5333580963028401,0.2773250354623107
223,2.6381691683487434,0.3123093807129165
224,2.746062727117742,0.9431429854626701
225,3.377638387631424,1.8056138792831
226,2.4236772685860335,2.0009164957124543
227,4.913492248881978,1.2110623088997783
228,3.7455160860568606,0.9045168791215799
229,1.5182671352968267,1.0574113788851502
230,1.6061563915864558,-1.0120364178779881
231,4.362564705610419,-1.2886744684147329
232,3.016515305607591,0.8038097977408145
233,11.086949355259305,-0.5277819500292111
234,2.943849378937701,-0.9612111419607754
235,2.8688481865798683,-0.04056559532950926
236,2.729711055221762,-0.5158152302991907
237,2.5291070205352746,-0.1382636826272634
238,1.2618484763141715,1.612905649728361
239,3.7166547123768643,0.851958869490671
240,2.5613731832925,0.616775628252569
241,0.7901440791830832,1.5329433459595934
242,2.873689090309461,0.7238271018632043
243,2.358953822844019,1.7367182883533494
244,10.343911654761936,-0.1689876539120998
245,3.2626017845509026,-1.2083091000420312
246,3.2667109857812924,-0.08957031479782424
247,2.949774501400992,0.9786883545011007
248,-1.9810105292613591,1.7134498370410791
249,2.7001033108940025,1.9878452671465703
250,-2.013444584972236,1.4599857865588064
251,3.3186956818658007,0.02635746586401244
252,2.8730441973134733,-0.40379252044839964
253,4.930484061112374,-1.2356807516816528
254,2.670238112967579,-2.8322288841844614
255,2.699162945997993,-1.2363747794334747
256,2.7865067042074325,-1.037262513023475
257,3.3055584177885806,-1.3445094744226884
258,2.007265249738588,0.4015498521320582
259,-1.6147061483391716,1.0907011185796074
260,-1.2241716983484465,0.7006537774210553
261,2.722733301564965,0.8087080321764304
262,5.235295331503622,-1.4964266058951465
263,3.362962644359441,-1.5310155621137025
264,2.9193290373913547,-2.0411333130718434
265,3.0610529059043765,-0.04603893030067652
266,4.26308905193682,1.3169347515779193
267,1.8946780219353103,0.7081813759290457
268,2.718709290963096,0.3385047875224061
269,0.43710034188863167,-1.1324369649419168
270,2.2530602582841124,0.7457968001390187
271,2.0957757330019784,1.6839441735231797
272,2.1194986232061357,3.024838310446621
273,5.535353891669735,2.4539555103006165
274,0.5354051822726116,1.9225814810718598
275,6.081385007594859,1.9092312460436789
276,2.8606972329663027,1.6801752707849227
277,-1.3125978811252197,1.8046054440584332
278,1.0852145817581929,2.357066358756783
279,3.210193123250314,3.439077529018385
280,9.571920624020954,1.595426911855935
281,-0.6868132720612339,0.6077057061389539
282,4.105655119957391,-1.2401628419237771
283,2.6753869946206588,-0.7646792515301903
284,4.648080545427644,-0.19665844310434374
285,1.9332728333462408,1.2441847312904177
286,5.109766623153305,1.9198208869021816
287,2.631746164051867,0.1829890275509276
288,3.158455756120541,2.1563315188641234
289,6.194026520366187,2.2654580920525276
290,12.976816818348157,1.0418608032041385
291,4.435853661421418,0.7595227857971307
292,2.3386791652441894,1.873540099428359
293,1.0061871432373342,2.193567140288121
294,-0.6994281082754883,1.8923843809688394
295,-0.20614910664211683,2.3670998039465028
296,1.7648648725551153,2.6467248366670417
297,0.922817823123137,1.770106802432155
298,6.083323300315002,1.1763894313548133
299,-4.936459640686225,0.17683667753991916
300,0.19476052237313535,0.43990683571329775
