Reopned,Lowest,Highest,Final,Change_Amount,Change_Percent,Date_Miladi,Date_Jalali
"197,621,000","187,731,000","197,711,000","197,621,000",50000,0.03%,2026/07/23,1405/05/01
"197,661,000","184,391,000","197,711,000","197,671,000",30000,0.02%,2026/07/22,1405/04/31
"197,671,000","182,721,000","197,711,000","197,701,000",70000,0.04%,2026/07/21,1405/04/30
"197,631,000","181,161,000","197,711,000","197,631,000",70000,0.04%,2026/07/20,1405/04/29
"189,961,000","186,551,000","197,711,000","197,701,000",80000,0.04%,2026/07/19,1405/04/28
"197,621,000","184,821,000","197,711,000","197,621,000",50000,0.03%,2026/07/18,1405/04/27
"197,711,000","182,961,000","197,711,000","197,671,000",50000,0.03%,2026/07/17,1405/04/26
"197,631,000","182,261,000","197,711,000","197,621,000",70000,0.04%,2026/07/16,1405/04/25
"197,691,000","178,691,000","197,711,000","197,691,000",10000,0.01%,2026/07/15,1405/04/24
"197,631,000","176,461,000","197,711,000","197,701,000",21190000,12%,2026/07/14,1405/04/23
"197,691,000","175,651,000","197,711,000","176,511,000",21160000,11.99%,2026/07/13,1405/04/22
"197,651,000","175,561,000","197,711,000","197,671,000",22040000,12.55%,2026/07/12,1405/04/21
"197,621,000","175,181,000","197,711,000","175,631,000",1400000,0.8%,2026/07/11,1405/04/20
"197,691,000","176,561,000","197,711,000","177,031,000",20600000,11.64%,2026/07/10,1405/04/19
"197,651,000","178,491,000","197,711,000","197,631,000",19050000,10.67%,2026/07/09,1405/04/18
"197,701,000","177,191,000","197,711,000","178,581,000",19050000,10.67%,2026/07/08,1405/04/17
"177,431,000","176,301,000","197,711,000","197,631,000",-,-,2026/07/07,1405/04/16
"197,711,000","177,281,000","197,711,000","197,631,000",19850000,11.17%,2026/07/06,1405/04/15
"197,631,000","176,431,000","197,711,000","177,781,000",19850000,11.17%,2026/07/05,1405/04/14
"197,621,000","176,351,000","197,711,000","197,631,000",19390000,10.88%,2026/07/04,1405/04/13
"197,631,000","176,111,000","197,711,000","178,241,000",19440000,10.91%,2026/07/03,1405/04/12
"197,631,000","171,241,000","197,711,000","197,681,000",25970000,15.12%,2026/07/02,1405/04/11
"169,451,000","169,201,000","197,711,000","171,711,000",25920000,15.1%,2026/07/01,1405/04/10
"197,631,000","167,711,000","197,711,000","197,631,000",60000,0.03%,2026/06/30,1405/04/09
"197,691,000","167,641,000","197,711,000","197,691,000",10000,0.01%,2026/06/29,1405/04/08
"165,041,000","164,951,000","197,711,000","197,701,000",32720000,19.83%,2026/06/28,1405/04/07
"162,731,000","162,651,000","165,501,000","164,981,000",2260000,1.39%,2026/06/27,1405/04/06
"162,371,000","162,081,000","162,981,000","162,721,000",250000,0.15%,2026/06/26,1405/04/05
"161,681,000","161,501,000","162,501,000","162,471,000",820000,0.51%,2026/06/25,1405/04/04
"161,481,000","161,171,000","163,111,000","161,651,000",160000,0.1%,2026/06/24,1405/04/03
"160,931,000","160,091,000","161,871,000","161,811,000",980000,0.61%,2026/06/23,1405/04/02
"161,841,000","160,151,000","162,121,000","160,831,000",1100000,0.68%,2026/06/22,1405/04/01
"162,481,000","159,741,000","162,841,000","161,931,000",470000,0.29%,2026/06/21,1405/03/31
"161,401,000","161,331,000","164,851,000","162,401,000",1050000,0.65%,2026/06/20,1405/03/30
"159,091,000","158,841,000","162,091,000","161,351,000",2340000,1.47%,2026/06/19,1405/03/29
"164,161,000","158,801,000","164,171,000","159,011,000",5070000,3.19%,2026/06/18,1405/03/28
"158,611,000","156,621,000","164,251,000","164,081,000",5400000,3.4%,2026/06/17,1405/03/27
"163,981,000","154,771,000","164,671,000","158,681,000",5740000,3.62%,2026/06/16,1405/03/26
"175,251,000","163,701,000","197,711,000","164,421,000",10910000,6.64%,2026/06/15,1405/03/25
"197,681,000","171,401,000","197,711,000","175,331,000",22290000,12.71%,2026/06/14,1405/03/24
"197,621,000","171,381,000","197,711,000","197,621,000",21700000,12.34%,2026/06/13,1405/03/23
"180,491,000","175,711,000","197,711,000","175,921,000",21700000,12.34%,2026/06/12,1405/03/22
"197,621,000","179,311,000","197,711,000","197,621,000",50000,0.03%,2026/06/11,1405/03/21
"197,671,000","179,131,000","197,711,000","197,671,000",40000,0.02%,2026/06/10,1405/03/20
"197,631,000","180,221,000","197,711,000","197,711,000",20000,0.01%,2026/06/09,1405/03/19
"197,631,000","180,491,000","197,711,000","197,691,000",20000,0.01%,2026/06/08,1405/03/18
"197,661,000","181,451,000","197,711,000","197,711,000",80000,0.04%,2026/06/07,1405/03/17
"197,631,000","180,901,000","197,711,000","197,631,000",-,-,2026/06/06,1405/03/16
"197,681,000","182,011,000","197,711,000","197,631,000",70000,0.04%,2026/06/05,1405/03/15
"183,801,000","183,071,000","197,711,000","197,701,000",30000,0.02%,2026/06/04,1405/03/14
"197,631,000","183,201,000","197,711,000","197,671,000",40000,0.02%,2026/06/03,1405/03/13
"197,711,000","183,621,000","197,711,000","197,631,000",40000,0.02%,2026/06/02,1405/03/12
"197,711,000","182,871,000","197,711,000","197,671,000",10000,0.01%,2026/06/01,1405/03/11
"197,631,000","180,491,000","197,711,000","197,681,000",10000,0.01%,2026/05/31,1405/03/10
"197,701,000","180,591,000","197,711,000","197,671,000",20000,0.01%,2026/05/30,1405/03/09
"197,691,000","180,601,000","197,711,000","197,651,000",30000,0.02%,2026/05/29,1405/03/08
"197,661,000","182,121,000","197,711,000","197,621,000",-,-,2026/05/28,1405/03/07
"197,671,000","182,841,000","197,711,000","197,621,000",70000,0.04%,2026/05/27,1405/03/06
"197,671,000","183,091,000","197,711,000","197,691,000",60000,0.03%,2026/05/26,1405/03/05
"197,671,000","183,441,000","197,711,000","197,631,000",50000,0.03%,2026/05/25,1405/03/04
"197,621,000","179,391,000","197,711,000","197,681,000",50000,0.03%,2026/05/24,1405/03/03
"190,411,000","186,201,000","197,711,000","197,631,000",-,-,2026/05/23,1405/03/02
"190,871,000","190,281,000","197,711,000","197,631,000",10000,0.01%,2026/05/22,1405/03/01
"197,631,000","190,551,000","197,711,000","197,621,000",40000,0.02%,2026/05/21,1405/02/31
"197,631,000","190,271,000","197,711,000","197,661,000",40000,0.02%,2026/05/20,1405/02/30
"197,681,000","189,561,000","197,711,000","197,621,000",-,-,2026/05/19,1405/02/29
"197,631,000","189,521,000","197,711,000","197,621,000",-,-,2026/05/18,1405/02/28
"197,701,000","191,961,000","197,711,000","197,621,000",40000,0.02%,2026/05/17,1405/02/27
"197,631,000","193,281,000","197,711,000","197,661,000",40000,0.02%,2026/05/15,1405/02/25
"197,701,000","195,741,000","197,711,000","197,621,000",-,-,2026/05/14,1405/02/24
"197,691,000","194,661,000","197,711,000","197,621,000",30000,0.02%,2026/05/13,1405/02/23
"197,691,000","195,261,000","200,071,000","197,651,000",-,-,2026/05/12,1405/02/22
"197,621,000","193,661,000","200,171,000","197,651,000",20000,0.01%,2026/05/11,1405/02/21
"197,631,000","192,921,000","197,711,000","197,631,000",10000,0.01%,2026/05/10,1405/02/20
"197,651,000","193,231,000","197,711,000","197,621,000",40000,0.02%,2026/05/09,1405/02/19
"197,621,000","193,031,000","197,711,000","197,661,000",-,-,2026/05/08,1405/02/18
"197,671,000","191,601,000","197,711,000","197,661,000",10000,0.01%,2026/05/07,1405/02/17
"197,701,000","192,541,000","197,711,000","197,671,000",40000,0.02%,2026/05/06,1405/02/16
"197,661,000","197,621,000","197,711,000","197,631,000",50000,0.03%,2026/05/05,1405/02/15
"197,621,000","197,621,000","197,711,000","197,681,000",-,-,2026/05/04,1405/02/14
"197,691,000","197,621,000","197,711,000","197,681,000",-,-,2026/05/03,1405/02/13
"197,711,000","197,621,000","197,711,000","197,681,000",50000,0.03%,2026/05/02,1405/02/12
"197,621,000","197,621,000","197,711,000","197,631,000",20000,0.01%,2026/05/01,1405/02/11
"197,711,000","197,621,000","197,711,000","197,651,000",30000,0.02%,2026/04/30,1405/02/10
"197,631,000","197,621,000","197,711,000","197,681,000",60000,0.03%,2026/04/29,1405/02/09
"197,631,000","197,621,000","197,711,000","197,621,000",-,-,2026/04/28,1405/02/08
"197,621,000","197,621,000","197,711,000","197,621,000",70000,0.04%,2026/04/27,1405/02/07
"197,651,000","197,621,000","197,711,000","197,691,000",70000,0.04%,2026/04/26,1405/02/06
"197,691,000","197,621,000","197,711,000","197,621,000",-,-,2026/04/25,1405/02/05
"197,671,000","197,621,000","197,711,000","197,621,000",-,-,2026/04/24,1405/02/04
"197,621,000","197,621,000","197,711,000","197,621,000",40000,0.02%,2026/04/23,1405/02/03
"197,691,000","197,621,000","197,711,000","197,661,000",30000,0.02%,2026/04/22,1405/02/02
"197,621,000","197,621,000","197,711,000","197,631,000",70000,0.04%,2026/04/21,1405/02/01
"197,681,000","197,621,000","197,711,000","197,701,000",50000,0.03%,2026/04/20,1405/01/31
"197,621,000","197,621,000","197,711,000","197,651,000",40000,0.02%,2026/04/19,1405/01/30
"197,621,000","197,621,000","197,711,000","197,691,000",60000,0.03%,2026/04/18,1405/01/29
"197,681,000","197,621,000","197,711,000","197,631,000",80000,0.04%,2026/04/17,1405/01/28
"197,661,000","197,621,000","197,711,000","197,711,000",90000,0.05%,2026/04/16,1405/01/27
"197,691,000","197,621,000","197,711,000","197,621,000",80000,0.04%,2026/04/15,1405/01/26
"197,661,000","197,621,000","197,711,000","197,701,000",70000,0.04%,2026/04/14,1405/01/25
"197,631,000","197,621,000","197,711,000","197,631,000",40000,0.02%,2026/04/13,1405/01/24
"197,681,000","197,621,000","197,711,000","197,671,000",40000,0.02%,2026/04/12,1405/01/23
"197,631,000","197,621,000","197,711,000","197,631,000",50000,0.03%,2026/04/11,1405/01/22
"197,631,000","197,621,000","197,711,000","197,681,000",20000,0.01%,2026/04/10,1405/01/21
"197,681,000","197,621,000","197,711,000","197,661,000",50000,0.03%,2026/04/09,1405/01/20
"197,621,000","197,621,000","197,711,000","197,711,000",80000,0.04%,2026/04/08,1405/01/19
"197,671,000","197,621,000","197,711,000","197,631,000",10000,0.01%,2026/04/07,1405/01/18
"197,681,000","197,621,000","197,711,000","197,621,000",40000,0.02%,2026/04/06,1405/01/17
"197,651,000","197,621,000","197,711,000","197,661,000",40000,0.02%,2026/04/05,1405/01/16
"197,631,000","197,621,000","197,711,000","197,621,000",90000,0.05%,2026/04/04,1405/01/15
"197,631,000","197,621,000","197,711,000","197,711,000",40000,0.02%,2026/04/03,1405/01/14
"197,671,000","197,621,000","197,711,000","197,671,000",-,-,2026/04/02,1405/01/13
"197,621,000","197,621,000","197,711,000","197,671,000",20000,0.01%,2026/04/01,1405/01/12
"197,681,000","197,621,000","197,711,000","197,691,000",10000,0.01%,2026/03/31,1405/01/11
"197,631,000","197,621,000","197,711,000","197,701,000",80000,0.04%,2026/03/30,1405/01/10
"197,671,000","197,621,000","197,711,000","197,621,000",-,-,2026/03/29,1405/01/09
"197,681,000","197,621,000","197,711,000","197,621,000",80000,0.04%,2026/03/28,1405/01/08
"197,651,000","197,621,000","197,711,000","197,701,000",70000,0.04%,2026/03/27,1405/01/07
"197,701,000","197,621,000","197,711,000","197,631,000",-,-,2026/03/26,1405/01/06
"197,631,000","197,621,000","197,711,000","197,631,000",10000,0.01%,2026/03/25,1405/01/05
"197,651,000","197,621,000","197,711,000","197,621,000",10000,0.01%,2026/03/24,1405/01/04
"197,631,000","197,621,000","197,711,000","197,631,000",40000,0.02%,2026/03/23,1405/01/03
"197,651,000","197,621,000","197,711,000","197,671,000",20000,0.01%,2026/03/22,1405/01/02
"197,631,000","197,621,000","197,711,000","197,691,000",10000,0.01%,2026/03/21,1405/01/01
"197,701,000","197,621,000","197,711,000","197,681,000",50000,0.03%,2026/03/20,1404/12/29
"197,661,000","197,621,000","197,711,000","197,631,000",50000,0.03%,2026/03/19,1404/12/28
"197,661,000","197,621,000","197,711,000","197,681,000",50000,0.03%,2026/03/18,1404/12/27
"197,631,000","197,621,000","197,711,000","197,631,000",40000,0.02%,2026/03/17,1404/12/26
"197,691,000","197,621,000","197,711,000","197,671,000",40000,0.02%,2026/03/16,1404/12/25
"197,681,000","197,621,000","197,711,000","197,631,000",40000,0.02%,2026/03/15,1404/12/24
"197,651,000","197,621,000","197,711,000","197,671,000",-,-,2026/03/14,1404/12/23
"197,621,000","197,621,000","197,711,000","197,671,000",40000,0.02%,2026/03/13,1404/12/22
"197,661,000","197,621,000","197,711,000","197,631,000",-,-,2026/03/12,1404/12/21
"197,691,000","197,621,000","197,711,000","197,631,000",10000,0.01%,2026/03/11,1404/12/20
"197,701,000","197,621,000","197,711,000","197,621,000",-,-,2026/03/10,1404/12/19
"197,651,000","197,621,000","197,711,000","197,621,000",10000,0.01%,2026/03/09,1404/12/18
"197,651,000","197,621,000","197,711,000","197,631,000",10000,0.01%,2026/03/08,1404/12/17
"197,621,000","197,621,000","197,711,000","197,621,000",10000,0.01%,2026/03/07,1404/12/16
"197,621,000","197,621,000","197,711,000","197,631,000",20000,0.01%,2026/03/06,1404/12/15
"197,661,000","197,621,000","197,711,000","197,651,000",40000,0.02%,2026/03/05,1404/12/14
"197,631,000","197,621,000","197,711,000","197,691,000",20000,0.01%,2026/03/04,1404/12/13
"197,621,000","197,621,000","197,711,000","197,711,000",80000,0.04%,2026/03/03,1404/12/12
"197,631,000","197,621,000","197,711,000","197,631,000",10000,0.01%,2026/03/02,1404/12/11
"197,621,000","197,621,000","197,711,000","197,621,000",40000,0.02%,2026/03/01,1404/12/10
"197,631,000","197,621,000","197,711,000","197,661,000",40000,0.02%,2026/02/28,1404/12/09
"197,631,000","197,621,000","197,711,000","197,621,000",-,-,2026/02/27,1404/12/08
"197,691,000","197,621,000","197,711,000","197,621,000",-,-,2026/02/26,1404/12/07
"197,631,000","197,621,000","197,711,000","197,621,000",-,-,2026/02/25,1404/12/06
"197,661,000","197,621,000","197,711,000","197,621,000",10000,0.01%,2026/02/24,1404/12/05
"197,631,000","197,621,000","197,711,000","197,631,000",-,-,2026/02/23,1404/12/04
"197,621,000","197,621,000","197,711,000","197,631,000",-,-,2026/02/22,1404/12/03
"197,661,000","197,621,000","197,711,000","197,631,000",50000,0.03%,2026/02/21,1404/12/02
"197,631,000","197,621,000","197,711,000","197,681,000",60000,0.03%,2026/02/20,1404/12/01
"197,631,000","197,621,000","197,711,000","197,621,000",60000,0.03%,2026/02/19,1404/11/30
"197,631,000","197,621,000","197,711,000","197,681,000",20000,0.01%,2026/02/18,1404/11/29
"197,711,000","197,621,000","197,711,000","197,661,000",30000,0.02%,2026/02/17,1404/11/28
"197,701,000","197,621,000","197,711,000","197,631,000",10000,0.01%,2026/02/16,1404/11/27
"197,661,000","197,621,000","197,711,000","197,621,000",-,-,2026/02/15,1404/11/26
"197,631,000","197,621,000","197,711,000","197,621,000",90000,0.05%,2026/02/14,1404/11/25
"197,631,000","197,621,000","197,711,000","197,711,000",90000,0.05%,2026/02/13,1404/11/24
"197,701,000","197,621,000","197,711,000","197,621,000",-,-,2026/02/12,1404/11/23
"197,621,000","197,621,000","197,711,000","197,621,000",10000,0.01%,2026/02/11,1404/11/22
"197,701,000","197,621,000","197,711,000","197,631,000",-,-,2026/02/10,1404/11/21
"197,711,000","197,621,000","197,711,000","197,631,000",10000,0.01%,2026/02/09,1404/11/20
"197,711,000","197,621,000","197,711,000","197,621,000",10000,0.01%,2026/02/08,1404/11/19
"197,631,000","197,621,000","197,711,000","197,631,000",10000,0.01%,2026/02/07,1404/11/18
"197,631,000","197,621,000","197,711,000","197,621,000",-,-,2026/02/06,1404/11/17
"197,701,000","197,621,000","197,711,000","197,621,000",30000,0.02%,2026/02/05,1404/11/16
"193,221,000","188,861,000","198,151,000","197,651,000",4510000,2.34%,2026/02/04,1404/11/15
"177,091,000","176,981,000","196,941,000","193,141,000",16110000,9.1%,2026/02/03,1404/11/14
"185,511,000","174,141,000","186,021,000","177,031,000",19330000,12.26%,2026/02/02,1404/11/13
"157,741,000","157,691,000","157,781,000","157,701,000",40000,0.03%,2026/01/28,1404/11/08
"157,691,000","157,691,000","157,781,000","157,741,000",-,-,2026/01/27,1404/11/07
"157,731,000","157,691,000","157,781,000","157,741,000",40000,0.03%,2026/01/26,1404/11/06
"157,691,000","157,691,000","157,781,000","157,701,000",-,-,2026/01/25,1404/11/05
"157,731,000","157,691,000","157,781,000","157,701,000",40000,0.03%,2026/01/24,1404/11/04
"157,701,000","157,691,000","157,781,000","157,741,000",20000,0.01%,2026/01/23,1404/11/03
"157,701,000","157,691,000","157,781,000","157,721,000",60000,0.04%,2026/01/22,1404/11/02
"157,721,000","157,691,000","157,781,000","157,781,000",90000,0.06%,2026/01/21,1404/11/01
"157,701,000","157,691,000","157,781,000","157,691,000",-,-,2026/01/20,1404/10/30
"157,691,000","157,691,000","157,781,000","157,691,000",10000,0.01%,2026/01/19,1404/10/29
"157,751,000","157,691,000","157,781,000","157,701,000",-,-,2026/01/18,1404/10/28
"157,691,000","157,691,000","157,781,000","157,701,000",-,-,2026/01/17,1404/10/27
"157,701,000","157,691,000","157,781,000","157,701,000",20000,0.01%,2026/01/16,1404/10/26
"157,731,000","157,691,000","157,781,000","157,721,000",20000,0.01%,2026/01/15,1404/10/25
"157,741,000","157,691,000","157,781,000","157,701,000",10000,0.01%,2026/01/14,1404/10/24
"157,741,000","157,691,000","157,781,000","157,691,000",-,-,2026/01/13,1404/10/23
"157,691,000","157,691,000","157,781,000","157,691,000",50000,0.03%,2026/01/12,1404/10/22
"157,721,000","157,691,000","157,781,000","157,741,000",50000,0.03%,2026/01/11,1404/10/21
"157,691,000","157,691,000","157,781,000","157,691,000",50000,0.03%,2026/01/10,1404/10/20
"157,771,000","157,691,000","157,781,000","157,741,000",50000,0.03%,2026/01/09,1404/10/19
"161,031,000","157,501,000","161,041,000","157,691,000",3400000,2.16%,2026/01/08,1404/10/18
"162,291,000","158,651,000","162,721,000","161,091,000",1120000,0.7%,2026/01/07,1404/10/17
"156,665,000","156,375,000","164,191,000","162,211,000",5486000,3.5%,2026/01/06,1404/10/16
"147,279,000","147,199,000","157,925,000","156,725,000",9406000,6.38%,2026/01/05,1404/10/15
"146,629,000","144,409,000","148,059,000","147,319,000",640000,0.44%,2026/01/04,1404/10/14
"144,559,000","142,719,000","149,819,000","146,679,000",2160000,1.49%,2026/01/03,1404/10/13
"141,219,000","141,129,000","147,419,000","144,519,000",3290000,2.33%,2026/01/02,1404/10/12
"141,349,000","139,639,000","143,129,000","141,229,000",40000,0.03%,2026/01/01,1404/10/11
"148,903,000","140,813,000","149,263,000","141,269,000",7664000,5.43%,2025/12/31,1404/10/10
"144,144,000","142,354,000","149,673,000","148,933,000",4789000,3.32%,2025/12/30,1404/10/09
"157,484,000","143,044,000","158,184,000","144,144,000",13330000,9.25%,2025/12/29,1404/10/08
"154,464,000","154,134,000","161,214,000","157,474,000",3340000,2.17%,2025/12/28,1404/10/07
"147,194,000","147,124,000","155,374,000","154,134,000",6940000,4.71%,2025/12/27,1404/10/06
"144,664,000","144,664,000","148,564,000","147,194,000",2440000,1.69%,2025/12/26,1404/10/05
"146,044,000","143,504,000","146,124,000","144,754,000",1260000,0.87%,2025/12/25,1404/10/04
"143,684,000","143,684,000","146,694,000","146,014,000",2270000,1.58%,2025/12/24,1404/10/03
"139,784,000","139,704,000","144,274,000","143,744,000",3990000,2.86%,2025/12/23,1404/10/02
"136,922,000","136,882,000","140,074,000","139,754,000",2822000,2.06%,2025/12/22,1404/10/01
"137,754,000","135,529,000","137,944,000","136,932,000",812000,0.59%,2025/12/21,1404/09/30
"138,841,000","137,664,000","139,704,000","137,744,000",1267000,0.92%,2025/12/20,1404/09/29
"138,108,000","137,135,000","139,771,000","139,011,000",983000,0.71%,2025/12/19,1404/09/28
"139,488,000","137,188,000","139,908,000","138,028,000",1430000,1.04%,2025/12/18,1404/09/27
"135,752,000","135,352,000","139,728,000","139,458,000",3836000,2.83%,2025/12/17,1404/09/26
"136,265,000","133,252,000","136,915,000","135,622,000",883000,0.65%,2025/12/16,1404/09/25
"136,015,000","135,395,000","138,395,000","136,505,000",510000,0.38%,2025/12/15,1404/09/24
"133,428,000","130,818,000","136,615,000","135,995,000",2657000,1.99%,2025/12/14,1404/09/23
"131,824,000","131,614,000","134,538,000","133,338,000",1554000,1.18%,2025/12/13,1404/09/22
"129,294,000","129,114,000","132,174,000","131,784,000",2460000,1.9%,2025/12/12,1404/09/21
"127,349,000","127,309,000","129,594,000","129,324,000",2005000,1.57%,2025/12/11,1404/09/20
"127,802,000","126,452,000","127,952,000","127,319,000",693000,0.54%,2025/12/10,1404/09/19
"128,070,000","125,702,000","128,560,000","128,012,000",42000,0.03%,2025/12/09,1404/09/18
"127,130,000","127,060,000","128,470,000","127,970,000",910000,0.72%,2025/12/08,1404/09/17
"125,970,000","125,190,000","127,530,000","127,060,000",1110000,0.88%,2025/12/07,1404/09/16
"123,880,000","123,810,000","125,980,000","125,950,000",2040000,1.65%,2025/12/06,1404/09/15
"123,310,000","123,170,000","124,250,000","123,910,000",590000,0.48%,2025/12/05,1404/09/14
"123,410,000","122,540,000","123,580,000","123,320,000",100000,0.08%,2025/12/04,1404/09/13
"121,610,000","121,550,000","124,170,000","123,420,000",1780000,1.46%,2025/12/03,1404/09/12
"122,610,000","119,530,000","122,860,000","121,640,000",910000,0.75%,2025/12/02,1404/09/11
"120,820,000","120,450,000","123,580,000","122,550,000",1590000,1.31%,2025/12/01,1404/09/10
"117,960,000","117,460,000","121,240,000","120,960,000",3040000,2.58%,2025/11/30,1404/09/09
"115,900,000","115,900,000","119,490,000","117,920,000",1900000,1.64%,2025/11/29,1404/09/08
"115,160,000","115,110,000","116,100,000","116,020,000",800000,0.69%,2025/11/28,1404/09/07
"114,922,000","114,640,000","115,638,000","115,220,000",278000,0.24%,2025/11/27,1404/09/06
"113,722,000","113,612,000","115,242,000","114,942,000",1250000,1.1%,2025/11/26,1404/09/05
"113,212,000","113,122,000","114,452,000","113,692,000",540000,0.48%,2025/11/25,1404/09/04
"113,387,000","112,822,000","113,577,000","113,152,000",315000,0.28%,2025/11/24,1404/09/03
"112,138,000","112,048,000","113,618,000","113,467,000",1409000,1.26%,2025/11/23,1404/09/02
"112,802,000","111,868,000","113,282,000","112,058,000",674000,0.6%,2025/11/22,1404/09/01
"113,975,500","112,572,000","114,175,500","112,732,000",1203500,1.07%,2025/11/21,1404/08/30
"113,290,000","112,800,000","114,310,000","113,935,500",555500,0.49%,2025/11/20,1404/08/29
"110,970,000","110,830,000","113,850,000","113,380,000",2480000,2.24%,2025/11/19,1404/08/28
"111,560,000","110,230,000","112,620,000","110,900,000",640000,0.58%,2025/11/18,1404/08/27
"112,360,000","111,480,000","112,590,000","111,540,000",760000,0.68%,2025/11/17,1404/08/26
"112,640,000","111,020,000","113,270,000","112,300,000",380000,0.34%,2025/11/16,1404/08/25
"112,280,000","111,860,000","114,180,000","112,680,000",370000,0.33%,2025/11/15,1404/08/24
"113,940,000","111,770,000","114,110,000","112,310,000",1570000,1.4%,2025/11/14,1404/08/23
"114,790,000","113,460,000","117,240,000","113,880,000",840000,0.74%,2025/11/13,1404/08/22
"111,000,000","111,000,000","114,840,000","114,720,000",5340000,4.88%,2025/11/12,1404/08/21
"107,150,000","106,810,000","110,970,000","109,380,000",2250000,2.1%,2025/11/11,1404/08/20
"104,400,000","104,390,000","108,080,000","107,130,000",2720000,2.61%,2025/11/10,1404/08/19
"104,360,000","104,310,000","104,720,000","104,410,000",30000,0.03%,2025/11/09,1404/08/18
"104,430,000","104,220,000","104,790,000","104,380,000",20000,0.02%,2025/11/08,1404/08/17
"105,000,000","104,380,000","105,170,000","104,400,000",500000,0.48%,2025/11/07,1404/08/16
"104,920,000","104,680,000","105,110,000","104,900,000",10000,0.01%,2025/11/06,1404/08/15
"104,570,000","104,300,000","105,100,000","104,910,000",390000,0.37%,2025/11/05,1404/08/14
"105,000,000","104,340,000","105,540,000","104,520,000",560000,0.54%,2025/11/04,1404/08/13
"105,240,000","104,840,000","105,590,000","105,080,000",180000,0.17%,2025/11/03,1404/08/12
"105,690,000","105,030,000","106,720,000","105,260,000",440000,0.42%,2025/11/02,1404/08/11
"104,290,000","103,910,000","106,110,000","105,700,000",1380000,1.32%,2025/11/01,1404/08/10
"104,380,000","104,290,000","104,380,000","104,320,000",30000,0.03%,2025/10/31,1404/08/09
"104,810,000","103,760,000","105,000,000","104,290,000",450000,0.43%,2025/10/30,1404/08/08
"103,780,000","103,660,000","105,780,000","104,740,000",1080000,1.04%,2025/10/29,1404/08/07
"106,360,000","102,870,000","106,460,000","103,660,000",2730000,2.63%,2025/10/28,1404/08/06
"107,740,000","105,510,000","108,160,000","106,390,000",1280000,1.2%,2025/10/27,1404/08/05
"106,960,000","106,960,000","108,550,000","107,670,000",700000,0.65%,2025/10/26,1404/08/04
"107,120,000","105,660,000","108,150,000","106,970,000",160000,0.15%,2025/10/25,1404/08/03
"108,940,000","106,850,000","109,370,000","107,130,000",1820000,1.7%,2025/10/24,1404/08/02
"109,090,000","108,380,000","109,510,000","108,950,000",60000,0.06%,2025/10/23,1404/08/01
"108,770,000","108,000,000","109,510,000","109,010,000",250000,0.23%,2025/10/22,1404/07/30
"109,800,000","108,240,000","110,650,000","108,760,000",1070000,0.98%,2025/10/21,1404/07/29
"110,050,000","108,610,000","110,900,000","109,830,000",230000,0.21%,2025/10/20,1404/07/28
"109,170,000","109,050,000","110,960,000","110,060,000",830000,0.76%,2025/10/19,1404/07/27
"110,190,000","107,890,000","110,460,000","109,230,000",930000,0.85%,2025/10/18,1404/07/26
"111,380,000","109,670,000","112,370,000","110,160,000",1190000,1.08%,2025/10/17,1404/07/25
"110,560,000","110,310,000","111,750,000","111,350,000",820000,0.74%,2025/10/16,1404/07/24
"107,930,000","107,840,000","111,000,000","110,530,000",2640000,2.45%,2025/10/15,1404/07/23
"108,670,000","107,640,000","110,070,000","107,890,000",720000,0.67%,2025/10/14,1404/07/22
"108,160,000","108,160,000","111,360,000","108,610,000",370000,0.34%,2025/10/13,1404/07/21
"109,230,000","107,140,000","109,720,000","108,240,000",970000,0.9%,2025/10/12,1404/07/20
"109,590,000","108,670,000","112,490,000","109,210,000",360000,0.33%,2025/10/11,1404/07/19
"109,030,000","108,550,000","110,100,000","109,570,000",570000,0.52%,2025/10/10,1404/07/18
"113,870,000","107,920,000","114,290,000","109,000,000",4890000,4.49%,2025/10/09,1404/07/17
"109,360,000","109,330,000","114,770,000","113,890,000",4450000,4.07%,2025/10/08,1404/07/16
"105,540,000","104,740,000","110,880,000","109,440,000",3930000,3.72%,2025/10/07,1404/07/15
"104,360,000","104,010,000","110,750,000","105,510,000",1120000,1.07%,2025/10/06,1404/07/14
"103,640,000","103,410,000","109,340,000","104,390,000",770000,0.74%,2025/10/05,1404/07/13
"110,090,000","103,610,000","111,200,000","103,620,000",6420000,6.2%,2025/10/04,1404/07/12
"110,130,000","108,490,000","111,420,000","110,040,000",100000,0.09%,2025/10/03,1404/07/11
"109,910,000","109,240,000","112,160,000","110,140,000",270000,0.25%,2025/10/02,1404/07/10
"105,980,000","105,930,000","110,090,000","109,870,000",3860000,3.64%,2025/10/01,1404/07/09
"104,060,000","103,880,000","106,640,000","106,010,000",2020000,1.94%,2025/09/30,1404/07/08
"101,380,000","101,050,000","105,360,000","103,990,000",2590000,2.55%,2025/09/29,1404/07/07
"104,000,000","100,580,000","104,310,000","101,400,000",2660000,2.62%,2025/09/28,1404/07/06
"103,990,000","101,220,000","107,300,000","104,060,000",140000,0.13%,2025/09/27,1404/07/05
"99,580,000","100,000,000","99,990,000","103,920,000",4460000,4.48%,2025/09/26,1404/07/04
"98,530,000","100,000,000","99,990,000","99,460,000",990000,1.01%,2025/09/25,1404/07/03
"98,020,000","100,000,000","99,990,000","98,470,000",430000,0.44%,2025/09/24,1404/07/02
"93,800,000","92,440,000","98,300,000","98,040,000",4190000,4.46%,2025/09/23,1404/07/01
"95,990,000","93,320,000","97,330,000","93,850,000",2150000,2.29%,2025/09/22,1404/06/31
"92,670,000","92,470,000","97,430,000","96,000,000",3380000,3.65%,2025/09/21,1404/06/30
"91,150,000","91,130,000","94,300,000","92,620,000",1470000,1.61%,2025/09/20,1404/06/29
"88,740,000","88,500,000","91,590,000","91,150,000",2320000,2.61%,2025/09/19,1404/06/28
"87,600,000","86,960,000","89,070,000","88,830,000",1250000,1.43%,2025/09/18,1404/06/27
"87,230,000","87,160,000","88,520,000","87,580,000",370000,0.42%,2025/09/17,1404/06/26
"86,430,000","86,210,000","88,290,000","87,210,000",830000,0.96%,2025/09/16,1404/06/25
"84,630,000","84,520,000","86,520,000","86,380,000",1700000,2.01%,2025/09/15,1404/06/24
"84,280,000","84,050,000","85,930,000","84,680,000",400000,0.47%,2025/09/14,1404/06/23
"85,990,000","84,150,000","86,380,000","84,280,000",1770000,2.1%,2025/09/13,1404/06/22
"86,760,000","85,980,000","86,900,000","86,050,000",760000,0.88%,2025/09/12,1404/06/21
"86,830,000","85,960,000","87,100,000","86,810,000",10000,0.01%,2025/09/11,1404/06/20
"85,650,000","85,620,000","86,910,000","86,800,000",1160000,1.35%,2025/09/10,1404/06/19
"87,010,000","85,640,000","88,280,000","85,640,000",1430000,1.67%,2025/09/09,1404/06/18
"87,350,000","86,330,000","88,700,000","87,070,000",230000,0.26%,2025/09/08,1404/06/17
"86,860,000","86,820,000","88,360,000","87,300,000",390000,0.45%,2025/09/07,1404/06/16
"86,690,000","86,430,000","88,170,000","86,910,000",210000,0.24%,2025/09/06,1404/06/15
"85,420,000","84,350,000","87,200,000","86,700,000",1330000,1.56%,2025/09/05,1404/06/14
"87,020,000","85,220,000","87,100,000","85,370,000",1620000,1.9%,2025/09/04,1404/06/13
"87,690,000","86,810,000","87,800,000","86,990,000",720000,0.83%,2025/09/03,1404/06/12
"89,290,000","86,220,000","90,210,000","87,710,000",1560000,1.78%,2025/09/02,1404/06/11
"89,530,000","88,670,000","90,620,000","89,270,000",240000,0.27%,2025/09/01,1404/06/10
"86,460,000","85,720,000","89,660,000","89,510,000",3110000,3.6%,2025/08/31,1404/06/09
"86,150,000","85,650,000","88,340,000","86,400,000",240000,0.28%,2025/08/30,1404/06/08
"83,970,000","82,880,000","86,600,000","86,160,000",2230000,2.66%,2025/08/29,1404/06/07
"83,300,000","82,610,000","84,610,000","83,930,000",530000,0.64%,2025/08/28,1404/06/06
"79,670,000","79,610,000","83,680,000","83,400,000",3740000,4.69%,2025/08/27,1404/06/05
"78,270,000","78,140,000","80,160,000","79,660,000",1330000,1.7%,2025/08/26,1404/06/04
"77,570,000","77,540,000","78,430,000","78,330,000",680000,0.88%,2025/08/25,1404/06/03
"77,530,000","77,440,000","77,990,000","77,650,000",40000,0.05%,2025/08/24,1404/06/02
"77,400,000","76,780,000","77,770,000","77,610,000",280000,0.36%,2025/08/23,1404/06/01
"78,010,000","76,950,000","78,240,000","77,330,000",670000,0.87%,2025/08/22,1404/05/31
"76,680,000","76,530,000","78,490,000","78,000,000",1390000,1.81%,2025/08/21,1404/05/30
"75,150,000","75,100,000","76,930,000","76,610,000",1480000,1.97%,2025/08/20,1404/05/29
"75,150,000","75,020,000","76,100,000","75,130,000",40000,0.05%,2025/08/19,1404/05/28
"74,880,000","74,810,000","75,900,000","75,170,000",250000,0.33%,2025/08/18,1404/05/27
"74,420,000","74,320,000","75,220,000","74,920,000",590000,0.79%,2025/08/17,1404/05/26
"74,930,000","74,130,000","75,150,000","74,330,000",660000,0.89%,2025/08/16,1404/05/25
"75,110,000","74,720,000","75,360,000","74,990,000",90000,0.12%,2025/08/15,1404/05/24
"74,230,000","74,200,000","76,030,000","75,080,000",880000,1.17%,2025/08/14,1404/05/23
"74,220,000","74,160,000","76,030,000","75,960,000",1760000,2.37%,2025/08/13,1404/05/22
"74,540,000","73,800,000","74,750,000","74,220,000",340000,0.46%,2025/08/12,1404/05/21
"74,600,000","74,450,000","75,100,000","74,560,000",10000,0.01%,2025/08/11,1404/05/20
"74,090,000","73,750,000","74,780,000","74,570,000",530000,0.72%,2025/08/10,1404/05/19
"75,340,000","73,850,000","75,450,000","74,040,000",-,-,2025/08/09,1404/05/18
"75,340,000","73,850,000","75,450,000","74,040,000",1290000,1.74%,2025/08/08,1404/05/17
"75,880,000","75,230,000","75,990,000","75,330,000",530000,0.7%,2025/08/07,1404/05/16
"75,710,000","75,650,000","76,060,000","75,860,000",260000,0.34%,2025/08/06,1404/05/15
"75,890,000","75,890,000","76,120,000","76,120,000",190000,0.25%,2025/08/05,1404/05/14
"75,690,000","74,590,000","76,160,000","75,930,000",260000,0.34%,2025/08/04,1404/05/13
"74,840,000","74,110,000","76,440,000","75,670,000",790000,1.06%,2025/08/03,1404/05/12
"73,930,000","73,780,000","75,440,000","74,880,000",960000,1.3%,2025/08/02,1404/05/11
"71,980,000","71,860,000","74,030,000","73,920,000",1890000,2.62%,2025/08/01,1404/05/10
"72,000,000","71,700,000","72,060,000","72,030,000",220000,0.31%,2025/07/31,1404/05/09
"71,230,000","71,050,000","71,860,000","71,810,000",770000,1.08%,2025/07/30,1404/05/08
"70,640,000","70,640,000","71,330,000","71,040,000",410000,0.58%,2025/07/29,1404/05/07
"70,210,000","70,210,000","71,180,000","70,630,000",410000,0.58%,2025/07/28,1404/05/06
"69,330,000","69,270,000","71,280,000","70,220,000",900000,1.3%,2025/07/27,1404/05/05
"69,580,000","69,030,000","69,890,000","69,320,000",240000,0.35%,2025/07/26,1404/05/04
"70,110,000","69,470,000","70,460,000","69,560,000",490000,0.7%,2025/07/25,1404/05/03
"70,680,000","69,980,000","70,750,000","70,050,000",680000,0.97%,2025/07/24,1404/05/02
